ID,CourseContentId,IdContent,QuestionType,QuestionContent,AAnsver,BAnswer,CAnswer,DAnswer,Answer,ResultAnswer
1,Chương 2. Giao kết hợp đồng điện tử,2,1,Giao kết hợp đồng điện tử là sự thỏa thuận về quyền và nghĩa vụ thông qua việc sử dụng gì?,Sự thỏa thuận bằng lời nói,Sự trao đổi văn bản trên giấy,Sự thỏa thuận bằng dữ liệu,Việc người mua thanh toán tiền trước,C,Sự thỏa thuận bằng dữ liệu
2,Chương 2. Giao kết hợp đồng điện tử,2,1,Đặc điểm nổi bật nào của hợp đồng điện tử khác với hợp đồng truyền thống?,Phải có chữ tay trực tiếp để chứng thực,Bắt buộc thanh toán bằng tiền mặt khi nhận,Luôn phải gặp mặt trực tiếp để đàm phán giá,Khả năng tự động hóa không cần con người,D,Khả năng tự động hóa không cần con người
3,Chương 2. Giao kết hợp đồng điện tử,2,1,Đặc điểm ưu việt nhất của giao kết hợp đồng điện tử là gì?,Luôn phải dùng tiền mặt thanh toán,Không cần sự hiện diện vật lý,Phải có chữ ký tay các bên liên quan,Việc giải quyết tranh chấp dễ hơn,B,Không cần sự hiện diện vật lý
4,Chương 2. Giao kết hợp đồng điện tử,2,1,"Để một hợp đồng điện tử được xác lập, hai yếu tố cấu thành không thể tách rời là gì?",Người mua và người bán hàng,Chữ ký tay và con dấu tròn,Sự đề nghị và sự chấp nhận,Tiền mặt và chứng từ hóa đơn,C,Sự đề nghị và sự chấp nhận
5,Chương 2. Giao kết hợp đồng điện tử,2,1,"Một banner quảng cáo ghi 'Sale sập sàn, mại dô' trên website có được xem là lời đề nghị giao kết hợp lệ không?",Có hợp lệ vì nó hiển thị mức giá cực rẻ,Không vì nó chỉ là mời gọi,Có hợp lệ vì xuất hiện công khai trên mạng,Không vì nó chưa được chứng nhận bản quyền,B,Không vì nó chỉ là mời gọi
6,Chương 2. Giao kết hợp đồng điện tử,2,1,"Một thông tin sản phẩm trên website với mức giá rõ ràng và nút 'Mua ngay' được pháp luật xem là gì?",Đề nghị giao kết hợp lệ,Một lời mời gọi đàm phán chung chung,Một hành vi mang tính quảng cáo thuần,Một thông báo hết hàng tạm thời của shop,A,Đề nghị giao kết hợp lệ
7,Chương 2. Giao kết hợp đồng điện tử,2,1,"Trong nguyên tắc pháp lý về chấp nhận giao kết, sự im lặng của người mua được xem là gì?",Là sự đồng ý ngầm với điều kiện,Là sự từ chối mọi cuộc đàm phán,Không mặc nhiên coi là đồng ý,Là sự chờ đợi để giảm giá thêm,C,Không mặc nhiên coi là đồng ý
8,Chương 2. Giao kết hợp đồng điện tử,2,1,"Khi người mua gửi email: 'Giá máy 150 ngàn nhưng miễn phí ship nhé' đáp lại chào hàng, hành động này là gì?",Hành động này là sự chấp nhận giao kết,Đây là hành động vi phạm luật dân sự pháp,Đây là sự hủy bỏ hoàn toàn các thỏa thuận,Là một lời đề nghị giao kết mới,D,Là một lời đề nghị giao kết mới
9,Chương 2. Giao kết hợp đồng điện tử,2,1,Tọa độ pháp lý về địa điểm giao kết hợp đồng điện tử được xác định dựa trên yếu tố nào?,Nơi đặt máy chủ của hệ thống vận hành web,Nơi cư trú của người đề nghị,Nơi người mua bấm máy tính lúc chốt mua,Nơi kho hàng đang cất trữ món hàng thực,B,Nơi cư trú của người đề nghị
10,Chương 2. Giao kết hợp đồng điện tử,2,1,"Nếu doanh nghiệp VN thuê máy chủ tại Singapore để bán hàng, khi có tranh chấp, chọn địa điểm áp dụng luật ở đâu?",Tại nước Singapore do phải theo vị trí server,Tại Việt Nam nơi có trụ sở,Tại quốc gia cư trú của người mua sản phẩm,Tại tòa án thuộc quốc tế giải quyết chung,B,Tại Việt Nam nơi có trụ sở
11,Chương 2. Giao kết hợp đồng điện tử,2,1,Thời điểm giao kết hợp đồng điện tử được xác lập chính xác vào lúc nào?,Khi người dùng hoàn thiện ấn nút thanh toán,Khi thông điệp vào máy nhận,Khi người bán lên trang web đọc được tin,Khi shipper điện thoại hẹn giờ mang tới,B,Khi thông điệp vào máy nhận
12,Chương 2. Giao kết hợp đồng điện tử,2,1,"Trong 3 nguyên tắc 'vàng' của giao kết hợp đồng, nguyên tắc 'Tự do' có ý nghĩa gì?",Được quyền tự do trả giá món hàng thoải mái,Quyền dùng phương tiện số hay ko,Khách hàng có quyền hủy giao dịch vào mọi lúc,Cho phép tự do phát tán thông tin người dùng,B,Quyền dùng phương tiện số hay ko
13,Chương 2. Giao kết hợp đồng điện tử,2,1,"Việc hệ thống yêu cầu tích 'Tôi đồng ý với các điều khoản' trước khi thanh toán thể hiện nguyên tắc nào?",Thể hiện nguyên tắc Bảo mật an toàn,Thể hiện nguyên tắc Tự do lựa chọn,Thể hiện nguyên tắc Minh bạch,Thể hiện nguyên tắc Bảo vệ pháp lý,C,Thể hiện nguyên tắc Minh bạch
14,Chương 2. Giao kết hợp đồng điện tử,2,1,"Trong giao kết HĐĐT, nguyên tắc 'Bảo vệ' thường được hệ thống thực thi thông qua cơ chế nào?",Việc mã hóa thẻ tín dụng người dùng an toàn,Tính năng kiểm tra giỏ hàng,Yêu cầu đền bù tiền mặt gấp đôi cho bên mua,Chức năng chặn tin nhắn quảng cáo tự động,B,Tính năng kiểm tra giỏ hàng
15,Chương 2. Giao kết hợp đồng điện tử,2,1,Một hợp đồng B2C hoàn chỉnh thông thường bao gồm chu trình khép kín mấy bước?,Khép kín qua đúng 3 bước,Khép kín qua đúng 4 bước,Có 5 bước khép kín,Khép kín qua đúng 6 bước,C,Có 5 bước khép kín
16,Chương 2. Giao kết hợp đồng điện tử,2,1,Một hợp đồng B2C chỉnh chu thực sự kết thúc vào thời điểm nào?,Khi người mua thao tác hoàn tất ấn đặt hàng,Khi khâu thanh toán tiền được thực hiện xong,Khi shipper giao ngay hàng tới tay người mua,Khi hết thời hạn bảo hành của nó,D,Khi hết thời hạn bảo hành của nó
17,Chương 2. Giao kết hợp đồng điện tử,2,1,"Khi khách hàng click 'Place Order' trên web, dưới góc độ pháp lý, khách hàng đang thực hiện hành vi gì?",Đây là sự chấp nhận mã hóa gửi đi,Hành vi đưa ra Đề nghị,Khởi đầu hành động hủy bỏ giao dịch,Lời từ chối nhận món hàng đó,B,Hành vi đưa ra Đề nghị
18,Chương 2. Giao kết hợp đồng điện tử,2,1,"Khi hệ thống tự động gửi email 'Order Confirmed', lúc này hợp đồng điện tử có trạng thái gì?",Nó hoàn toàn chưa có hiệu lực mặt pháp lý,Hợp đồng chỉ mới dừng ở lời mời đàm phán,Hợp đồng có hiệu lực pháp lý,Mới chỉ là lời tự động thông báo của server,C,Hợp đồng có hiệu lực pháp lý
19,Chương 2. Giao kết hợp đồng điện tử,2,1,Hình thức thanh toán COD (Nhận hàng trả tiền) mang lại điều gì cho doanh nghiệp bán hàng?,Đem lại quy trình nhận chuyển tiền nhanh nhất,Giúp cho chủ shop cắt giảm chi phí nhiều nhất,Mang lại sự an toàn bảo mật tuyệt đối trăm phần,Tiềm ẩn rủi ro bom hàng cao,D,Tiềm ẩn rủi ro bom hàng cao
20,Chương 2. Giao kết hợp đồng điện tử,2,1,Thuật ngữ 3PL trong khâu thực thi giao hàng điện tử là gì?,Vận chuyển trung gian,Mã số định danh mã hóa của người tiêu dùng,Hình thức để thanh toán ngân hàng trực tuyến,Chính sách cấp chứng nhận bảo hành sản phẩm,A,Vận chuyển trung gian
21,Chương 2. Giao kết hợp đồng điện tử,2,1,Yếu tố nào kết nối thế giới thực của shipper với thế giới ảo của hệ thống TMĐT?,Ký nhận bằng hình thức tờ phiếu trên giấy tờ,Mã Tracking Number,Thông điệp email thông báo khuyến mãi giảm giá,Chức năng ứng dụng quét mã QR để trả tiền nhanh,B,Mã Tracking Number
22,Chương 2. Giao kết hợp đồng điện tử,2,1,"Đặc điểm giao nhận của 'Hàng số' (như gói phim Netflix) khác với hàng vật lý là gì?",Yêu cầu bắt rành rẽ bưu điện gửi đi xác nhận,Thường sẽ mất vài ngày để vận chuyển đường xa,Phải chờ khi có người gọi điện thoại xác nhận,Giao tức thời ngay sau khi mua,D,Giao tức thời ngay sau khi mua
23,Chương 2. Giao kết hợp đồng điện tử,2,1,Quyền lợi của khách hàng khi shop giao sai màu áo đã đặt trên hệ thống TMĐT là gì?,Phải âm thầm cam chịu trận mà không được trả,Chỉ việc im lặng vào web và đánh giá sao thấp,Quyền yêu cầu đổi trả hoàn toàn,Khách mua món mới để bù trừ lỗi của người bán,C,Quyền yêu cầu đổi trả hoàn toàn
24,Chương 2. Giao kết hợp đồng điện tử,2,1,"Trong HĐĐT, quyền lợi bảo hành sản phẩm thường được chứng minh bằng gì thay thế phiểu giấy?",Hóa đơn trên máy và lịch sử,Dùng chính ảnh chụp lại màn hình lúc đặt đơn,Tin nhắn trao đổi qua lại với người giao hàng,Giấy in bản sao kê đối soát tài khoản ngân hàng,A,Hóa đơn trên máy và lịch sử
25,Chương 2. Giao kết hợp đồng điện tử,2,1,Việc hệ thống tự gửi mã giảm giá email sau vài ngày mua hàng nằm trong khâu nào?,Nó nằm trong bước khởi đầu Đặt hàng,Nằm trong khâu Xác nhận hệ thống,Nó thuộc về khâu Giao nhận vận tải,Thuộc khâu Hậu mãi cuối,D,Thuộc khâu Hậu mãi cuối
26,Chương 2. Giao kết hợp đồng điện tử,2,1,"Đâu là điểm khác biệt lớn nhất về khâu 'Ký kết' trong hợp đồng B2B so với B2C?",Ở điểm chỉ cần tự nhấn tick nút ô Đồng ý là xong,Bắt buộc để lại chữ ký văn bản tay của hai bên,Phải dùng chữ ký số USB Token,Hai bên gặp mặt không cần chữ ký nào để hợp lệ,C,Phải dùng chữ ký số USB Token
27,Chương 2. Giao kết hợp đồng điện tử,2,1,"Hoạt động 'Thương lượng về giá sỉ, mức chiết khấu từng nấc' thuộc khâu nào trong hợp đồng B2B?",Thuộc khâu Đàm phán,Thuộc nội dung khâu Ký kết,Nó nằm trong khâu Thực thi,Được tính vào khâu Hậu mãi,A,Thuộc khâu Đàm phán
28,Chương 2. Giao kết hợp đồng điện tử,2,1,Trình tự đúng của chuỗi sự kiện khi mua hàng thanh toán online bằng quét QR là gì?,"Khởi đầu là Đề nghị, Giao nhận, Thanh toán...","Đề nghị, Thanh toán, Xác nhận, Giao nhận","Phải qua Xác nhận, Thanh toán, Giao nhận...","Bắt đầu Thanh toán, Xác nhận, Giao nhận...",B,"Đề nghị, Thanh toán, Xác nhận, Giao nhận"
29,Chương 2. Giao kết hợp đồng điện tử,2,1,"Trong ví dụ mua sắm, việc xuất 'Hóa đơn điện tử' cuối cùng đóng vai trò gì?",Nó dùng đánh dấu là hành vi đang chốt mua đơn,Là thủ tục chứng từ hoàn tất,Nhằm mục đích là để người tiêu dùng kiểm tra kĩ,Dùng làm bước việc tự động cấp quyền để truy cập,B,Là thủ tục chứng từ hoàn tất
30,Chương 2. Giao kết hợp đồng điện tử,2,1,"Theo phân tích, hợp đồng điện tử có giá trị pháp lý ra sao so với hợp đồng chữ ký tay?",Giá trị của nó yếu hơn rất nhiều so với văn bản,Trong thực tế nó hoàn toàn không có hiệu lực gì,Có hiệu lực tương đương,Chỉ thực sự có tác dụng ràng buộc mua hàng nhỏ,C,Có hiệu lực tương đương
